t0,t1,t_mean,t0_data,t1_data,cps_bgsub,cps_bgsub_err,flux_bgsub,flux_bgsub_err,mag_bgsub,mag_bgsub_err_1,mag_bgsub_err_2,cps_mcatbgsub,cps_mcatbgsub_err,flux_mcatbgsub,flux_mcatbgsub_err,mag_mcatbgsub,mag_mcatbgsub_err_1,mag_mcatbgsub_err_2,cps,cps_err,flux,flux_err,mag,mag_err_1,mag_err_2,counts,flat_counts,bg_counts,bg_flat_counts,exptime,bg,mcat_bg,responses,detxs,detys,detrad,racent,deccent,flags
845975917.995,845975927.995,845975920.378,845975919.355,845975920.9,-0.40606467231,0.557678542753,-8.36493224959e-17,1.14881779807e-16,,,,-0.850639228083,0.62843080294,-1.75231680985e-16,1.29456745406e-16,,,,0.620759400856,0.342311802985,1.27876436576e-16,7.05162314148e-17,20.5976917368,0.476837730538,0.870449574102,3.0,3.28853798502,14.0,12.7358526858,5.29760480548,5.43970814439,7.79488844745,0.912449616909,691.290222168,305.900695801,306.112189534,8.04604407243,24.5044946777,32.0
845975927.995,845975937.995,845975933.162,845975928.27,845975937.325,0.0320628081926,0.576685634832,6.60493848768e-18,1.18797240775e-16,23.8149961075,3.19609076616,,0.0133315558801,0.578521422791,2.74630051131e-18,1.19175413095e-16,24.7677979065,4.11833250069,,1.48473018482,0.409997810313,3.05854418073e-16,8.44595489245e-17,19.6508811552,0.264748335211,0.350868016091,12.0,13.1139040347,33.0,30.040217625,8.83251662072,12.8307087484,12.9961528458,0.915517169175,685.582519531,304.433074951,301.148489329,8.04463653896,24.5038882617,32.0
845975937.995,845975947.995,845975943.256,845975939.475,845975947.355,0.237243499795,0.606551438493,4.88721609578e-17,1.2494959633e-16,21.6420141948,1.37760648437,,0.271371980393,0.603356635918,5.5902627961e-17,1.24291466999e-16,21.49608749,1.27077082618,,1.74277060933,0.444283144577,3.59010745522e-16,9.15223277828e-17,19.4768994319,0.246548075301,0.319506164532,14.0,15.3872418647,34.0,31.1215745218,8.82918370454,13.2925754223,12.9912487975,0.91036889797,686.645874023,303.00112915,302.613016972,8.0429468684,24.504666756,32.0
845975947.995,845975957.995,845975953.372,845975948.315,845975957.69,0.265834913165,0.530143938502,5.4761992112e-17,1.09209651331e-16,21.518469955,1.19072377787,,-0.0973269897032,0.567600750227,-2.00493598789e-17,1.16925754547e-16,,,,1.37407163924,0.394430620423,2.83058757683e-16,8.12527078072e-17,19.7349765603,0.273990607919,0.367356036494,11.0,12.1360541722,25.0,22.9167536646,8.83218445509,9.78815118456,12.9956640977,0.906847859916,685.798461914,303.746032715,301.571860509,8.04503586034,24.5035036915,32.0
845975957.995,845975967.995,845975963.888,845975959.345,845975967.82,1.22824767255,0.582306160044,2.53019020545e-16,1.19955068969e-16,19.8567851254,0.421313730576,0.697731884375,0.64009094758,0.636926134228,1.31858735201e-16,1.31206783651e-16,20.5643957868,0.74988755324,5.76473395777,2.11148957652,0.488952770624,4.34966852763e-16,1.00724270749e-16,19.2685276454,0.226145719713,0.28598596164,17.0,18.6485067009,20.0,18.2636347046,8.83191984857,7.80072170274,12.9952747561,0.911867095274,684.562866211,302.660247803,300.750814104,8.04438442412,24.5038582025,32.0
845975967.995,845975977.995,845975973.129,845975968.575,845975977.485,0.655960303263,0.514757853968,1.35127822472e-16,1.06040117917e-16,20.5378061051,0.628936990271,1.66758831984,0.0256665698168,0.580003763342,5.28731338227e-18,1.19480775248e-16,24.0565804208,3.43217117487,,1.49706519876,0.411893831711,3.08395430944e-16,8.48501293325e-17,19.6418982132,0.263889732639,0.349355971592,12.0,13.2102444144,19.0,17.3769169991,8.82409425146,7.42198887319,12.9837601832,0.908506024311,683.984191895,302.085479736,300.390203776,8.04405912522,24.503779343,32.0
845975977.995,845975987.995,845975984.795,845975980.055,845975987.945,-0.161689857617,0.574507351285,-3.33081106692e-17,1.18348514365e-16,,,,-0.0957683960541,0.567969462407,-1.97282895871e-17,1.17001709256e-16,,,,1.37563023288,0.39480251175,2.83379827974e-16,8.13293174204e-17,19.7337457201,0.273944303588,0.367272450349,11.0,12.1406967065,35.0,31.7657145179,8.82555240229,13.5676990178,12.9859057044,0.90612540027,682.946044922,301.888549805,299.473406159,8.04402235123,24.5034367342,32.0
845975987.995,845975997.995,845975993.588,845975988.41,845975997.92,0.327614688476,0.496204013353,6.74886258261e-17,1.02218026751e-16,21.2915915876,1.00117070468,,-0.22163827149,0.555413863327,-4.56574839269e-17,1.14415255845e-16,,,,1.24976035745,0.376403046416,2.57450633634e-16,7.75390275618e-17,19.8379331383,0.285843596362,0.389086961298,10.0,11.0242037144,21.0,19.0446258017,8.82105409144,8.13429682619,12.9792868959,0.907558959375,682.549316406,301.45401001,299.241421506,8.04394290587,24.5045674836,32.0
845975997.995,845976007.995,845976004.18,845975998.485,845976007.36,0.875069635992,0.570350717602,1.80264345014e-16,1.17492247826e-16,20.2248934637,0.544878878449,1.14535799106,0.401096484034,0.615649153302,8.2625875711e-17,1.2682372558e-16,21.0718778624,1.00990865646,,1.87249511297,0.460699137005,3.85733993272e-16,9.49040222231e-17,19.3989482677,0.238825511396,0.306621883031,15.0,16.5198685916,23.0,20.6024458024,8.82238275397,8.79966932648,12.9812418882,0.908467642912,681.60369873,302.578887939,297.979053314,8.04387743479,24.5028183771,32.0
845976007.995,845976017.995,845976012.557,845976008.58,845976017.1,1.15623481011,0.593168007438,2.38184370883e-16,1.22192609532e-16,19.9223848993,0.449609453398,0.781215293402,0.659104847452,0.638893993696,1.35775598575e-16,1.31612162701e-16,20.5326137357,0.735799497532,3.78342461534,2.13050347639,0.491364726142,4.38883716137e-16,1.01221133585e-16,19.258794382,0.225321523428,0.284666324462,17.0,18.7999433974,22.0,20.1282240324,8.82417870035,8.59712081342,12.9838844412,0.904550444737,681.033691406,302.809936523,297.364833402,8.04280576892,24.5028454625,32.0
845976017.995,845976027.995,845976023.8,845976018.7,845976027.575,0.349013255887,0.591838850533,7.18967307127e-17,1.2191880321e-16,21.2228951944,1.07669859834,,0.248130642092,0.601422323295,5.1114912271e-17,1.23892998599e-16,21.5932990016,1.33627515191,,1.71952927103,0.441495046156,3.54223029832e-16,9.09479795082e-17,19.4914760673,0.248125201941,0.322167722502,14.0,15.1693676226,31.0,28.3070391743,8.82181413144,12.0904375498,12.9804052178,0.923039727251,682.790100098,304.765686035,298.395400885,8.04409453292,24.5028161929,32.0
845976027.995,845976037.995,845976032.135,845976031.22,845976032.825,-1.37834743029,0.80469715498,-2.8393957064e-16,1.65767613926e-16,,,,-0.732325388305,0.707877829754,-1.50859029991e-16,1.45822832929e-16,,,,0.739073240634,0.409316784377,1.52249087571e-16,8.43192575817e-17,20.4082813045,0.478504833291,0.876235427302,3.0,3.26028712691,24.0,21.8689507857,4.41131805032,9.34061602577,6.49080733105,0.920400326055,683.968994141,305.110351562,299.403465267,8.04326064742,24.5043255049,36.0
938053117.995,938053127.995,938053121.367,938053118.92,938053126.565,-0.267376725714,0.543325084058,-5.5079605497e-17,1.11924967316e-16,,,,-0.287601939862,0.545407135897,-5.92459996115e-17,1.12353869995e-16,,,,1.18326389346,0.364166966868,2.43752362053e-16,7.50183951747e-17,19.8972959687,0.291324103047,0.399365790299,10.0,10.5575252099,32.0,30.3034989317,8.9223758692,12.9431608554,13.1236178181,0.947352297791,217.611175537,623.531066895,288.499256768,8.04257411898,24.5032559637,0.0
938053127.995,938053137.995,938053131.895,938053130.345,938053133.59,-0.842717392065,0.502504136405,-1.73599782765e-16,1.035158521e-16,,,,-0.765029424095,0.493769895958,-1.57596061364e-16,1.01716598567e-16,,,,0.705836409227,0.281175272381,1.45402300301e-16,5.79221061104e-17,20.4582398579,0.364045589656,0.551653847005,6.0,6.30164399731,34.0,32.3689442186,8.92791008643,13.8253491019,13.1317579091,0.952200034914,212.900390625,625.363708496,292.90794618,8.04539209269,24.5028757337,0.0
938053137.995,938053147.995,938053143.152,938053138.265,938053146.7,0.75971100261,0.582069606944,1.56500466538e-16,1.19906339031e-16,20.3783789596,0.617582738251,1.5777605989,0.421493543306,0.613747381098,8.6827669921e-17,1.26431960506e-16,21.0180226844,0.975626264144,,1.89235937663,0.460376858775,3.89826031585e-16,9.48376329076e-17,19.3874909589,0.236424062043,0.302664751178,16.0,16.8958584424,25.0,23.6768639929,8.92846181918,10.112807762,13.1325694339,0.947101608882,211.681488037,628.548706055,296.139110871,8.04401085227,24.5036681045,32.0
938053147.995,938053157.995,938053151.935,938053148.44,938053155.585,-0.275831065529,0.542604530003,-5.6821199499e-17,1.11776533181e-16,,,,-0.294265651113,0.54450355947,-6.06187241293e-17,1.12167733251e-16,,,,1.17660018221,0.362994447373,2.42379637535e-16,7.47768561589e-17,19.9034277217,0.291943690529,0.40053727546,10.0,10.5064950201,32.0,30.3652568668,8.92953713504,12.9695387628,13.1341510793,0.951880132583,211.862701416,630.914855957,297.854517878,8.04283462368,24.5030720513,32.0
938053157.995,938053167.995,938053162.618,938053159.8,938053166.845,-0.469304250623,0.540760126735,-9.66766756284e-17,1.11396586107e-16,,,,-0.399815738082,0.533516902844,-8.23620420449e-17,1.09904481986e-16,,,,1.07105009524,0.346315942096,2.20636319619e-16,7.13410840717e-17,20.0054755396,0.304180594757,0.424077640517,9.0,9.56477152012,34.0,32.2060810867,8.93027465534,13.7557873751,13.1352358727,0.941145377658,213.33001709,634.676757812,299.86474147,8.04322695453,24.5035933054,32.0
938053167.995,938053177.995,938053173.9,938053170.545,938053177.39,0.400029001228,0.498159277359,8.24059742529e-17,1.02620811136e-16,21.0747713053,0.878189763309,,-0.162914856277,0.557860681711,-3.3560460393e-17,1.14919300432e-16,,,,1.30795097705,0.382729138458,2.69437901271e-16,7.88422025223e-17,19.7885213335,0.278674945564,0.375863978693,11.0,11.6788445453,20.0,18.980575091,8.92911489059,8.10693963377,13.1335300144,0.941966562748,216.497512817,637.463134766,300.103154224,8.04394758642,24.5044729584,32.0
938053177.995,938053187.995,938053181.608,938053178.23,938053185.49,-0.908736995122,0.510608877843,-1.87199820995e-16,1.05185428836e-16,,,,-0.760857916508,0.494130801535,-1.56736730801e-16,1.01790945116e-16,,,,0.710007916814,0.28194101535,1.46261630864e-16,5.8079849162e-17,20.4518420218,0.363065307432,0.549378855483,6.0,6.34176089493,36.0,33.8514687429,8.93195800321,14.4585615713,13.1377118516,0.946141032026,219.040542603,637.51385498,298.595305605,8.04404347035,24.5041981501,32.0
938053187.995,938053197.995,938053193.867,938053189.105,938053197.415,0.375867061424,0.552555753424,7.74286146534e-17,1.13826485205e-16,21.1424143285,0.981778838915,,0.0808050894474,0.581676513681,1.66458484262e-17,1.19825361818e-16,22.8114032116,2.28433776808,,1.55167092277,0.416769130731,3.1964421009e-16,8.58544409306e-17,19.6030009454,0.258306428934,0.339603350145,13.0,13.8614338061,26.0,24.5921128681,8.93323036648,10.5037267592,13.1395833272,0.938074735445,222.87701416,635.389099121,294.585437688,8.04364008915,24.503795372,0.0
938053197.995,938053207.995,938053204.416,938053200.245,938053206.27,-0.58491277871,0.445408361317,-1.20492032414e-16,9.17541224312e-17,,,,-0.87732677291,0.480756386065,-1.8072931522e-16,9.90358155295e-17,,,,0.593539060412,0.257781813314,1.22269046445e-16,5.31030535427e-17,20.6463767378,0.391609943058,0.618559773657,5.0,5.30144256979,26.0,24.6438764319,8.93191859373,10.5258358937,13.1376538855,0.943224250046,223.950286865,631.147155762,290.555518123,8.04393302284,24.5017038486,0.0
938053207.995,938053217.995,938053212.388,938053209.44,938053216.515,0.167887930689,0.593164465067,3.4584913722e-17,1.22191879804e-16,22.0174513094,1.64098770302,,0.184905592584,0.591556786968,3.80905520723e-17,1.21860698115e-16,21.9126248828,1.55792592918,,1.65577142591,0.430484861643,3.41088913737e-16,8.86798814985e-17,19.532499041,0.250918187448,0.326906780631,14.0,14.7939790619,33.0,31.1247570505,8.9347954859,13.2939347366,13.1418854079,0.94653477629,224.599243164,630.150878906,289.369750596,8.04471300699,24.5049726915,0.0
938053217.995,938053227.995,938053222.741,938053219.495,938053227.67,-0.51485391897,0.494973371039,-1.06059907308e-16,1.01964514434e-16,,,,-0.633623669958,0.508222005875,-1.30526476011e-16,1.0469373321e-16,,,,0.837242163364,0.306091273826,1.72471885653e-16,6.30548024082e-17,20.272872272,0.33830453391,0.494082945164,7.0,7.48169991412,30.0,28.288451564,8.93612414843,12.0824984523,13.1438396922,0.935788767796,222.836593628,626.766174316,287.766868092,8.04488789454,24.5045966007,0.0
938053227.995,938053237.995,938053233.3,938053228.87,938053237.91,0.146590536454,0.498655126752,3.01976505094e-17,1.02722956111e-16,22.1647351646,1.60904790026,,-0.286842226052,0.545135650116,-5.90894985667e-17,1.12297943924e-16,,,,1.18402360727,0.364050427261,2.43908863098e-16,7.49943880158e-17,19.8965990962,0.291078412182,0.39890178491,10.0,10.5778555694,23.0,21.699503012,8.93382150871,9.2682418819,13.1404528182,0.945779464025,220.533660889,623.847595215,286.907498608,8.04283199244,24.5037080854,0.0
938053237.995,938053247.995,938053242.723,938053239.265,938053247.405,-0.235597428728,0.563534411277,-4.8533070318e-17,1.16088088723e-16,,,,-0.169209135772,0.556906269896,-3.48570819691e-17,1.14722691599e-16,,,,1.30165669755,0.381586317624,2.68141279695e-16,7.86067814306e-17,19.7937588567,0.279125909123,0.37668851942,11.0,11.6360968324,34.0,32.1742894508,8.93945143468,13.7422086046,13.1487336839,0.945463417722,216.745956421,623.937866211,289.361732804,8.04404752714,24.5038010317,0.0
938053247.995,938053257.995,938053254.066,938053249.38,938053257.67,-0.429373026218,0.535561275693,-8.8450843401e-17,1.10325622793e-16,,,,-0.40503886887,0.533010826564,-8.34380069873e-17,1.09800230272e-16,,,,1.06582696445,0.345497925675,2.19560354677e-16,7.1172572689e-17,20.0107832418,0.304850743799,0.42538945091,9.0,9.51661539484,33.0,31.2570169458,8.928855914,13.3504252793,13.1331490946,0.945773528373,213.433532715,625.950195312,293.019687866,8.04378901347,24.5041448025,0.0
938053257.995,938053267.995,938053263.496,938053258.15,938053267.625,0.445856887649,0.587555600971,9.18465188556e-17,1.210364538e-16,20.9570112998,0.912695563894,,0.294463137835,0.60180074136,6.0659406394e-17,1.2397095272e-16,21.4074226608,1.20851239593,,1.76532897116,0.444475896461,3.63657768058e-16,9.1562034671e-17,19.4629358786,0.243820693291,0.314927842688,15.0,15.7744733261,29.0,27.6046251049,8.93571316383,11.7904240659,13.143235189,0.950997057443,211.544082642,628.52545166,296.208566459,8.0439858641,24.50355683,32.0
938053267.995,938053277.995,938053273.083,938053268.715,938053277.575,0.496612637375,0.581695777849,1.02302203299e-16,1.19829330237e-16,20.8399555827,0.841813068961,,0.289774800456,0.601256141077,5.96936088939e-17,1.23858765062e-16,21.4248484614,1.21958042493,,1.76064063378,0.443805183999,3.62691970558e-16,9.14238679038e-17,19.4658231982,0.244071770576,0.315348028215,15.0,15.7382594224,28.0,26.4542284636,8.93893911142,11.299069295,13.1479801251,0.95314116491,211.98109436,631.107177734,297.928911786,8.042227405,24.5028151575,32.0
938053277.995,938053287.995,938053284.708,938053279.08,938053287.5,-0.100779742182,0.47104192202,-2.07606268896e-17,9.70346359361e-17,,,,-0.529956091174,0.519529892094,-1.09170954782e-16,1.07023157771e-16,,,,0.940909742148,0.324501027894,1.93827406882e-16,6.68472117461e-17,20.1461300869,0.321708903094,0.45919798864,8.0,8.40744000353,23.0,21.792473143,8.93543729746,9.30795107066,13.1428294266,0.951747483323,213.133331299,634.258789062,299.660361283,8.0431724516,24.5014160674,32.0
938053287.995,938053297.995,938053294.296,938053288.22,938053297.715,0.326061110942,0.557564222029,6.7168588854e-17,1.14858229738e-16,21.2967524902,1.08242288599,,0.081498719817,0.581583652464,1.67887362823e-17,1.19806232407e-16,22.8021230328,2.27604173917,,1.55236455314,0.416747906924,3.19787097947e-16,8.58500688264e-17,19.6025157064,0.25819200711,0.339404918831,13.0,13.8752424425,27.0,25.6623981031,8.938134032,10.9608645303,13.1467959613,0.936997168877,216.199874878,636.948242188,299.878234406,8.04412316047,24.5033762745,32.0
938053297.995,938053307.995,938053302.481,938053298.2,938053307.19,0.289559262712,0.604534130621,5.96492081186e-17,1.24534030908e-16,21.4256563447,1.22411355912,,0.305896763644,0.60301926079,6.30147333106e-17,1.24221967723e-16,21.3660627945,1.182372195,,1.77676259697,0.446028611369,3.66013094975e-16,9.18818939421e-17,19.455926492,0.243173167937,0.313845386857,15.0,15.8684084232,33.0,31.0975908232,8.93107973476,13.28233156,13.1364200365,0.945349081674,219.923904419,637.24597168,297.847362382,8.04291753943,24.5043664123,32.0
938053307.995,938053317.995,938053312.425,938053308.125,938053316.565,0.187114088847,0.523878671375,3.85455023026e-17,1.07919006303e-16,21.8997337771,1.44939672336,,-0.151561809995,0.55889551574,-3.1221732859e-17,1.15132476242e-16,,,,1.31930402333,0.384315364353,2.71776628805e-16,7.91689650568e-17,19.7791377829,0.277569217423,0.373846359413,11.0,11.7845846193,25.0,23.6777870137,8.93242528707,10.1132020005,13.1383991634,0.933732706878,222.33644104,635.092041016,294.673731322,8.04352020776,24.5027573559,32.0
938053317.995,938053327.995,938053324.44,938053321.855,938053327.405,-0.194926652047,0.511299481892,-4.01548903217e-17,1.0532769327e-16,,,,-0.400820085122,0.533365596171,-8.25689375351e-17,1.09873312811e-16,,,,1.0700457482,0.346123745991,2.20429424129e-16,7.13014916742e-17,20.0064941358,0.30428222323,0.424276423303,9.0,9.5574470532,28.0,26.452884326,8.93181162513,11.29849519,13.1374965491,0.941771417802,224.689239502,632.058349609,290.834902255,8.04393459279,24.5037086571,0.0
938053327.995,938053337.995,938053333.234,938053328.405,938053337.42,-0.0373397914263,0.517782572112,-7.69199703382e-18,1.06663209855e-16,,,,-0.291505010862,0.544552758973,-6.00500322377e-17,1.12177868348e-16,,,,1.17936082246,0.363263532798,2.42948329427e-16,7.48322877564e-17,19.9008832582,0.291533717712,0.399761902997,10.0,10.540222749,27.0,25.4588772576,8.93723324385,10.8739371742,13.1454710228,0.948947138322,224.737014771,628.98034668,288.355879352,8.04379606812,24.5037530983,0.0
938053337.995,938053347.995,938053342.943,938053338.375,938053346.9,0.902117411088,0.636563802761,1.85836186684e-16,1.31132143369e-16,20.1918423378,0.579713966286,1.32777714482,0.79017686179,0.646331124546,1.62776433529e-16,1.33144211657e-16,20.335689229,0.648959341084,1.84956827986,2.26104269511,0.503087997965,4.65774795193e-16,1.03636127581e-16,19.1942280921,0.218124525594,0.273252710378,19.0,20.1989880915,30.0,28.4229307473,8.93348371315,12.1399368922,13.1399559662,0.941050106959,223.064910889,625.800842285,286.865902706,8.04378889,24.5033903647,0.0
938053347.995,938053357.995,938053352.26,938053348.72,938053356.455,-0.0785078401553,0.571539252482,-1.6172615072e-17,1.17737086011e-16,,,,-0.051274088526,0.568865623212,-1.05624622363e-17,1.17186318382e-16,,,,1.4195917448,0.39866501223,2.92435899428e-16,8.21249925194e-17,19.6995913371,0.268729362503,0.357922223451,12.0,12.6797498306,33.0,31.3285526519,8.93196926306,13.3809794458,13.1377284133,0.946637830176,221.025802612,624.024841309,286.738370041,8.04267686535,24.5040463706,0.0
938053357.995,938053367.995,938053363.445,938053358.32,938053367.61,-0.149928803066,0.554249551987,-3.08853334316e-17,1.14175407709e-16,,,,-0.173119129347,0.556585476755,-3.56625406455e-17,1.14656608211e-16,,,,1.29774670397,0.381062091285,2.67335821019e-16,7.84987908047e-17,19.7970251637,0.279528253202,0.377424982774,11.0,11.5981407792,32.0,30.2915918093,8.93713753511,12.9380751126,13.1453302481,0.948466487779,216.560562134,624.029663086,289.550198251,8.04369643408,24.5042246801,0.0
938053367.995,938053377.995,938053373.307,938053368.565,938053377.835,0.276844507589,0.532954134608,5.70299685633e-17,1.09788551729e-16,21.4744102205,1.16535283106,,-0.0632124052406,0.567530286261,-1.30217554796e-17,1.1691123897e-16,,,,1.40765342808,0.39687372173,2.89976606185e-16,8.17559866765e-17,19.7087606442,0.269669195668,0.359598070996,12.0,12.5801783139,25.0,23.6609788972,8.9369855271,10.1060229564,13.1451066647,0.953948703639,212.822372437,626.799255371,294.063541598,8.04560905017,24.5054142235,0.0
938053377.995,938053387.995,938053383.262,938053378.085,938053387.125,0.702575191393,0.585106305888,1.44730489427e-16,1.20531899013e-16,20.4632679741,0.657789112459,1.941924905,0.410554462885,0.612386731905,8.45742193544e-17,1.26151666772e-16,21.0465730564,0.991199727405,,1.88142029621,0.458773310918,3.87572581019e-16,9.4507302049e-17,19.3937854381,0.236914909659,0.303471692142,16.0,16.8180391701,26.0,24.6716790693,8.93901230046,10.5377108923,13.1480877764,0.951415606895,211.681884766,629.028198242,296.509069196,8.04352468741,24.5047728462,32.0
938053387.995,938053397.995,938053392.898,938053388.96,938053396.405,0.0901388009235,0.578244148334,1.85685929902e-17,1.19118294557e-16,22.6927205586,2.17528396443,,0.0674528891052,0.580436209992,1.38952951557e-17,1.19569859258e-16,23.0074986103,2.45625029255,,1.53831872243,0.415004922899,3.1689365682e-16,8.54910141171e-17,19.6123841856,0.259319703909,0.341363079172,13.0,13.7399817088,32.0,30.2841074525,8.93181725506,12.9348784113,13.1375048299,0.946227540913,211.014556885,632.458679199,299.587274837,8.04419554883,24.504183539,32.0
938053397.995,938053407.995,938053402.43,938053398.72,938053407.9,0.483918624096,0.631061286223,9.96872365638e-17,1.29998624962e-16,20.8680691583,0.90623676414,,0.549861957637,0.625185179148,1.13271563273e-16,1.28788146905e-16,20.7293658152,0.824504036667,,2.02072779096,0.475609734814,4.16269924938e-16,9.79756053717e-17,19.3162304642,0.22948872726,0.291365366604,17.0,18.0515358522,34.0,32.1424305402,8.93318532707,13.7286010999,13.1395170803,0.94191097045,212.642364502,635.380737305,300.843771871,8.04391946306,24.503913129,32.0
938053407.995,938053417.995,938053413.843,938053410.215,938053417.3,0.119450490535,0.553704620348,2.46068010503e-17,1.14063151792e-16,22.3870301561,1.87731802482,,-0.0414510609792,0.569733939279,-8.53891856171e-18,1.17365191491e-16,,,,1.42941477234,0.399973497001,2.94459443103e-16,8.23945403823e-17,19.6921043349,0.267869059733,0.356391721915,12.0,12.7718586029,29.0,27.4036061856,8.93502631287,11.7045653269,13.1422249234,0.939666560847,215.958007812,637.02734375,300.089014417,8.04377239681,24.5028379803,32.0
938053417.995,938053427.995,938053423.051,938053419.625,938053427.65,-0.258543260233,0.542006874937,-5.32599116081e-17,1.11653416237e-16,,,,-0.28821407752,0.545062803854,-5.93720999691e-17,1.12282937594e-16,,,,1.1826517558,0.363884872195,2.43626261695e-16,7.49602836722e-17,19.8978577978,0.291258323373,0.399241530781,10.0,10.5629630295,32.0,30.1372803563,8.93159205802,12.8721659593,13.1371735953,0.946787948576,219.991821289,638.480102539,298.790400967,8.043809828,24.505484679,32.0
938053427.995,938053437.995,938053432.673,938053428.985,938053437.865,0.617610089151,0.602418896932,1.27227678365e-16,1.24098292768e-16,20.6032140452,0.739139417651,4.0228063072,0.458517622187,0.617026680369,9.44546301704e-17,1.27107496156e-16,20.9266099211,0.925680681231,,1.92938345551,0.464791138357,3.97452991835e-16,9.57469745014e-17,19.3664536247,0.234343169472,0.299254496263,16.0,17.2314340309,29.0,27.429261084,8.93105721505,11.7155229881,13.1363869131,0.928764304721,222.237167358,635.834472656,295.326130171,8.04451876119,24.5034455753,32.0
938053437.995,938053447.995,938053442.311,938053438.835,938053447.725,0.123814811928,0.475832658015,2.55058512572e-17,9.8021527551e-17,22.3480684942,1.7128085083,,-0.39797222479,0.533709155533,-8.19822783067e-17,1.0994408604e-16,,,,1.07289360853,0.346613092187,2.21016083358e-16,7.14022969906e-17,20.0036083547,0.303951972064,0.423630661117,9.0,9.58127688233,21.0,19.8436441926,8.93031406482,8.47557172594,13.1352938388,0.93947608314,224.871414185,633.297668457,291.715312723,8.04393584276,24.5043701744,0.0
938053447.995,938053457.995,938053451.693,938053448.25,938053457.975,0.309899306584,0.505573253213,6.38392571562e-17,1.04148090162e-16,21.3519484888,1.05047186842,,-0.174667534734,0.556658143808,-3.59815121552e-17,1.14671577624e-16,,,,1.29619829859,0.380990966291,2.67016849509e-16,7.84841390559e-17,19.7983213824,0.279776567283,0.37787989047,11.0,11.5748011216,22.0,20.6206859333,8.92980737149,8.80746000929,13.1345485609,0.950513745332,225.264953613,629.193725586,288.204962282,8.04332573423,24.5033925926,0.0
938053457.995,938053467.995,938053463.148,938053458.94,938053467.105,0.178140621138,0.521921563742,3.66969679543e-17,1.07515842131e-16,21.9530925943,1.48593414203,,-0.165613777535,0.55758355293,-3.41164381721e-17,1.14862211904e-16,,,,1.30525205579,0.382329840363,2.68881923492e-16,7.87599471148e-17,19.7907640352,0.278926179644,0.376323214996,11.0,11.6550027638,25.0,23.5633632582,8.929311938,10.0643295889,13.1338198447,0.943921080608,223.035293579,626.400939941,287.356734609,8.04487855358,24.5043996483,0.0
938053467.995,938053477.995,938053471.688,938053468.22,938053477.79,0.451387727507,0.493303582825,9.29858718664e-17,1.01620538062e-16,20.9436256321,0.801850433512,,-0.15861523491,0.558262885018,-3.26747383916e-17,1.15002154314e-16,,,,1.31225059841,0.383337633675,2.70323623273e-16,7.8967552537e-17,19.7849580513,0.2782590357,0.375104387913,11.0,11.7184627455,19.0,17.9986639765,8.9300494583,7.687548014,13.1349046381,0.93892534709,220.536361694,624.442321777,287.370063296,8.04451981147,24.5041750544,0.0
938053477.995,938053487.995,938053481.699,938053478.225,938053487.645,0.578346428307,0.554717288364,1.19139364231e-16,1.14271761403e-16,20.6745298554,0.730165686996,3.47185035863,0.192339360014,0.592396795362,3.96219081628e-17,1.22033739845e-16,21.8698295834,1.52663873949,,1.66320519334,0.431550077975,3.42620269827e-16,8.88993160629e-17,19.527635419,0.250468648907,0.326141793714,14.0,14.8535159178,24.0,22.6834476508,8.93065749031,9.68850205583,13.1357989716,0.942682479342,216.562133789,622.733215332,288.547285505,8.04392644726,24.5021623721,0.0
938053487.995,938053497.995,938053492.76,938053488.695,938053497.84,0.907650537024,0.543124001924,1.86976010627e-16,1.11883544396e-16,20.1852033276,0.509203140438,0.990473803498,0.299788203199,0.60255083003,6.17563698591e-17,1.24125470986e-16,21.3879636521,1.19638801311,,1.77065403652,0.445334357199,3.64754731523e-16,9.17388775829e-17,19.4596657155,0.243584419063,0.314532667677,15.0,15.8086587156,19.0,18.0395747062,8.92814654332,7.70502171092,13.1321057055,0.949012048616,213.706359863,624.576171875,291.787212416,8.04272994888,24.5032121128,0.0
938053497.995,938053507.995,938053502.356,938053498.075,938053506.05,0.0138926624936,0.486193843306,2.86188847369e-18,1.00155931721e-16,24.7230362871,3.89064912666,,-0.408646715488,0.532643909286,-8.41812233905e-17,1.09724645313e-16,,,,1.06221911783,0.344920609353,2.18817138274e-16,7.10536455267e-17,20.014464716,0.305307777187,0.42628546452,9.0,9.48396489654,23.0,21.9141584618,8.9284449294,9.35992502454,13.1325445914,0.949093573557,211.66885376,627.258544922,295.152616258,8.04263690569,24.5029414047,32.0
938053507.995,938053517.995,938053512.486,938053508.03,938053516.65,0.362408762673,0.595381567305,7.46562051105e-17,1.22648602865e-16,21.1820032752,1.05517939522,,0.292514247719,0.60192107745,6.02579350301e-17,1.23995741955e-16,21.4146324389,1.21350479655,,1.76338008104,0.444453159196,3.63256296694e-16,9.15573507944e-17,19.4641351732,0.244050842197,0.315312994005,15.0,15.7412735611,31.0,29.280305768,8.92676158153,12.5061369416,13.1300686125,0.952977031963,211.70274353,632.693725586,299.336310395,8.04335104916,24.5054383085,32.0
938053517.995,938053527.995,938053522.628,938053518.39,938053527.91,0.49394566161,0.60929768457,1.01752806292e-16,1.25515323021e-16,20.8458020617,0.872480353789,,0.43224042991,0.614946892161,8.90415285615e-17,1.26679059785e-16,20.9906865338,0.960747473098,,1.90310626323,0.46184727655,3.92039890226e-16,9.51405389693e-17,19.3813424036,0.235898936912,0.301802525702,16.0,16.9796722535,31.0,29.4360264633,8.92208311305,12.5726480073,13.123187213,0.942486566616,212.82359314,636.036865234,301.244765987,8.04419574977,24.5048708257,32.0
938053527.995,938053537.995,938053533.014,938053528.785,938053537.425,0.901595950113,0.636870590652,1.85728765723e-16,1.31195341674e-16,20.1924701194,0.580190258078,1.33054101385,0.789805811252,0.646630178864,1.62699997118e-16,1.33205816846e-16,20.3361991878,0.649414882571,1.85412803716,2.26067164457,0.503304495234,4.65698358782e-16,1.03680726018e-16,19.1944062824,0.218242006556,0.273437457991,19.0,20.1749912698,30.0,28.3969660284,8.92433508344,12.1288469011,13.1264995593,0.94194278776,216.042190552,637.665527344,300.541808314,8.04393673888,24.5043691224,32.0
938053537.995,938053547.995,938053542.916,938053539.59,938053545.6,-0.324517172169,0.442463135281,-6.68505374668e-17,9.11474058679e-17,,,,-0.759670940588,0.494510618449,-1.56492213761e-16,1.018691874e-16,,,,0.711194892734,0.28231666803,1.46506147903e-16,5.81572336141e-17,20.450028427,0.362960739608,0.54913658173,6.0,6.34606065798,23.0,21.6374986028,8.92309649973,9.24175870106,13.1246777689,0.945621313849,220.340942383,637.667663574,297.931695683,8.04259702826,24.5042798882,32.0
938053547.995,938053557.995,938053552.78,938053549.425,938053557.63,-0.0580999094438,0.572534868669,-1.19685813454e-17,1.17942182946e-16,,,,-0.0382696395627,0.570589657644,-7.88354574992e-18,1.17541469475e-16,,,,1.43259619376,0.400800003563,2.95114815914e-16,8.2564800734e-17,19.6896905176,0.267831333208,0.356324682507,12.0,12.7759190818,33.0,31.1250389427,8.9180183065,13.2940551378,13.117208428,0.939476258122,222.19670105,636.11151123,295.571749078,8.04491464352,24.5032697022,32.0
938053557.995,938053567.995,938053563.414,938053558.42,938053567.125,0.133258065547,0.527668528279,2.74511615027e-17,1.08699716825e-16,22.2682662387,1.73864930627,,-0.162510952022,0.558206452918,-3.34772561166e-17,1.14990529301e-16,,,,1.3083548813,0.382997653453,2.69521105548e-16,7.88975166112e-17,19.7881861024,0.278771448927,0.376040343768,11.0,11.6696785109,26.0,24.5391440461,8.91935259895,10.4811028376,13.1191709931,0.942803406452,225.171676636,632.453674316,290.860195547,8.04355727861,24.5036176357,0.0
938053567.995,938053577.995,938053573.379,938053569.865,938053576.78,-0.295493422834,0.593760594446,-6.08716451038e-17,1.22314682456e-16,,,,-0.047438990033,0.569843392021,-9.77243194679e-18,1.17387738756e-16,,,,1.42342684329,0.399624282411,2.93225929717e-16,8.23226021767e-17,19.696662121,0.268659241516,0.357797350133,12.0,12.6872227338,38.0,35.8706769263,8.91315405045,15.3210011324,13.1100537599,0.946274842269,225.394363403,628.871398926,287.870188761,8.04351732187,24.5038642582,0.0
938053577.995,938053587.995,938053583.04,938053578.435,938053587.41,0.761100649922,0.60708981852,1.56786733884e-16,1.25060502615e-16,20.376394768,0.636761169429,1.73472706865,0.552985489812,0.626015963705,1.13915010901e-16,1.28959288523e-16,20.7232156608,0.822001512061,,2.02385132313,0.476396645265,4.16913372566e-16,9.81377089246e-17,19.3145534874,0.229511195027,0.291401667162,17.0,18.0476151302,28.0,26.3639969313,8.91746094382,11.2605298101,13.1163886223,0.942365093973,223.864807129,625.934020996,286.478250503,8.04354684214,24.5042792408,0.0
938053587.995,938053597.995,938053594.32,938053588.09,938053597.625,0.332153175923,0.601961530958,6.84235542401e-17,1.24004075377e-16,21.2766539766,1.12265450098,,0.310601819303,0.603965925605,6.39839747765e-17,1.24416980675e-16,21.349490012,1.17252971337,,1.78146765263,0.44699624264,3.66982336441e-16,9.20812259838e-17,19.4530551476,0.243069153095,0.31367166791,15.0,15.8835705664,32.0,30.2541707652,8.916002793,12.9220919222,13.114243878,0.944542289821,219.727218628,623.735778809,287.325554768,8.04428552647,24.5039653332,0.0
938053597.995,938053607.995,938053602.52,938053598.67,938053607.265,-0.0232899458921,0.542657581722,-4.79772885378e-18,1.11787461835e-16,,,,-0.169566679442,0.557567295383,-3.4930735965e-17,1.14858862849e-16,,,,1.30129915388,0.382011404616,2.68067625699e-16,7.86943493509e-17,19.7940571315,0.279467750307,0.377314187003,11.0,11.6038374817,29.0,27.6540086826,8.91711751834,11.8115166662,13.1158834894,0.948093383289,216.093322754,623.022338867,289.068555138,8.04466078724,24.502738572,0.0
938053607.995,938053617.995,938053613.883,938053608.18,938053617.61,0.230321455033,0.609790937993,4.74462197368e-17,1.25616933227e-16,21.6741640113,1.40500748954,,0.30104982738,0.603247700352,6.20162644403e-17,1.24269026273e-16,21.3834040437,1.1941824025,,1.7719156607,0.445921441554,3.65014626105e-16,9.18598169602e-17,19.4588923836,0.243716494862,0.314753539679,15.0,15.7895365345,34.0,32.1624284424,8.91099778881,13.737142558,13.1068821884,0.950140549787,213.086212158,624.747680664,292.315384558,8.04308638334,24.5029466362,0.0
938053617.995,938053627.995,938053623.554,938053618.05,938053627.485,0.62078285195,0.597195962302,1.27881267502e-16,1.23022368234e-16,20.5976507205,0.731750055952,3.5506725915,0.428939697721,0.614952454499,8.83615777306e-17,1.26680205627e-16,20.9990093965,0.965648478145,,1.89980553104,0.46167664723,3.91359939395e-16,9.51053893293e-17,19.3832271307,0.236188811603,0.302278347156,16.0,16.9333342344,28.0,26.6909484186,8.91319345994,11.4001765784,13.110111726,0.944989589771,211.291030884,628.282592773,296.182405265,8.04332702724,24.5035355464,32.0
938053627.995,938053637.995,938053632.173,938053628.03,938053637.435,0.179659310959,0.570855295376,3.70098180575e-17,1.17596190847e-16,21.9438756757,1.55227354771,,0.0707543401751,0.581462321007,1.45753940761e-17,1.19781238127e-16,22.9556172868,2.41159700899,,1.5416201735,0.415956342494,3.1757375574e-16,8.56870065538e-17,19.6100565379,0.259353403881,0.341421682343,13.0,13.7359679256,30.0,28.4118124271,8.9100857408,12.1351880608,13.1055406881,0.946588318085,210.998672485,632.298400879,299.472951789,8.04403592593,24.5045055744,32.0
938053637.995,938053647.995,938053641.76,938053638.385,938053645.74,-0.17233093432,0.535439151061,-3.55001724699e-17,1.10300465119e-16,,,,-0.280390422065,0.546652117348,-5.77604269455e-17,1.12610336174e-16,,,,1.19047541126,0.365612442461,2.45237934719e-16,7.53161631469e-17,19.8906989258,0.290784207753,0.398346556865,10.0,10.6022715909,30.0,28.4161391144,8.90591396565,12.1370360655,13.0994045666,0.943319037587,211.786651611,634.902587891,301.004136698,8.04458063649,24.5028923467,32.0
938053647.995,938053657.995,938053652.425,938053648.935,938053657.135,0.162302054456,0.550280873375,3.3434223218e-17,1.13357859915e-16,22.0541899569,1.60627848997,,-0.0405937895341,0.570595248423,-8.36232064402e-18,1.17542621175e-16,,,,1.43027204379,0.400639062707,2.9463604102e-16,8.25316469176e-17,19.6914533751,0.268121522978,0.356840511449,12.0,12.7447322986,28.0,26.4529109584,8.91070503266,11.2985065652,13.1064515833,0.941681921575,215.104003906,637.713317871,301.154695904,8.04497693428,24.503612024,32.0
938053657.995,938053667.995,938053661.626,938053658.23,938053666.945,0.164549806744,0.594953456392,3.38972601893e-17,1.22560412017e-16,22.0392565586,1.66058066884,,0.186913088019,0.592838450228,3.85040961319e-17,1.22124720747e-16,21.9009007185,1.55079131897,,1.65777892134,0.431540482861,3.41502457796e-16,8.88973394694e-17,19.5311834668,0.251195561099,0.327379218987,14.0,14.757409895,33.0,31.1216349198,8.90191671821,13.2926012193,13.0935251519,0.948791101796,219.132369995,638.514282227,299.336202972,8.04447539209,24.5046554814,32.0
938053667.995,938053677.995,938053673.53,938053668.555,938053676.445,0.240689087417,0.520831012951,4.9581952008e-17,1.07291188668e-16,21.6263589993,1.25056242693,,-0.143171262995,0.56070261705,-2.94932801769e-17,1.15504739112e-16,,,,1.32769457033,0.386201832553,2.73505081487e-16,7.95575775059e-17,19.772254552,0.277215970238,0.373203011913,11.0,11.8186452763,24.0,22.6544582588,8.90162959198,9.67612017332,13.0931028277,0.930974501897,223.279388428,637.131469727,295.73891947,8.04496679851,24.5054566545,32.0
938053677.995,938053687.995,938053681.794,938053678.45,938053687.92,0.287603852216,0.563117774049,5.92463935566e-17,1.16002261454e-16,21.4330132531,1.17748193604,,0.0845118317459,0.583020841062,1.74094373397e-17,1.20102293259e-16,22.7627062128,2.2438875312,,1.55537766507,0.417974776343,3.20407799004e-16,8.61028039266e-17,19.6004103543,0.25842199761,0.339803828393,13.0,13.8475062054,28.0,26.4259077559,8.90298640414,11.2869730193,13.0950985164,0.939048441649,225.407119751,633.925048828,291.896560964,8.04392061435,24.5050389703,0.0
938053687.995,938053697.995,938053691.029,938053688.555,938053693.79,-0.187721689391,0.566809184216,-3.86706680145e-17,1.16762691949e-16,,,,-0.421738924277,0.595114781174,-8.6878218401e-17,1.22593644922e-16,,,,1.04912690905,0.383985747979,2.16120143263e-16,7.91010640837e-17,20.027929934,0.338630763134,0.494785505467,7.0,7.46493175974,22.0,20.6047231998,7.11537536154,8.80064204326,10.4657625105,0.937739838301,226.055557251,629.57421875,288.029496889,8.04310008672,24.5040537031,0.0
938053697.995,938053707.995,938053704.779,938053700.98,938053707.865,-0.381200991547,0.587898994546,-7.85274042586e-17,1.21107192876e-16,,,,-0.431146993409,0.593835602484,-8.88162806423e-17,1.22330134112e-16,,,,1.03971883991,0.382152541029,2.14182081022e-16,7.87234234519e-17,20.0377102161,0.339860998481,0.497440916482,7.0,7.40215753699,25.0,23.6845105152,7.11938386883,10.116073727,10.471658487,0.946003549553,223.019424438,624.03515625,285.506349075,8.04346660906,24.502149782,0.0
938053707.995,938053717.995,938053711.553,938053708.01,938053717.87,0.595450630726,0.575612953829,1.2266282993e-16,1.18576268489e-16,20.642885601,0.734336791819,3.69338736786,0.300259261928,0.60375558115,6.18534079572e-17,1.24373649717e-16,21.3862589682,1.19669787131,,1.77112509525,0.446251695398,3.64851769622e-16,9.19278492521e-17,19.4593769083,0.243975651955,0.315187140069,15.0,15.7521092467,26.0,24.4809908592,8.89384340436,10.456264582,13.0816503904,0.952473076515,220.374313354,623.589660645,286.806073245,8.04477597492,24.5031967399,0.0
938053717.995,938053727.995,938053722.669,938053718.055,938053727.44,-0.0137134667527,0.542898843023,-2.82497415106e-18,1.11837161663e-16,,,,-0.166881328857,0.558532762024,-3.43775537446e-17,1.15057748977e-16,,,,1.30398450446,0.382882119951,2.6862080792e-16,7.88737167099e-17,19.7918189235,0.279520787373,0.377411310049,11.0,11.598843521,29.0,27.4416716729,8.89492435015,11.7208237703,13.0832403166,0.948545783974,217.241012573,622.834533691,288.194512249,8.04250298159,24.5037169416,0.0
938053727.995,938053737.995,938053731.93,938053728.54,938053737.275,0.552479877071,0.581232268616,1.13810854677e-16,1.19733847335e-16,20.7242088391,0.780465837432,,0.30753258468,0.604462494182,6.33517124442e-17,1.24519273802e-16,21.3602721542,1.18025339141,,1.778398418,0.447189269889,3.66350074108e-16,9.21209895972e-17,19.4549273416,0.24353911687,0.31445692479,15.0,15.8152251168,27.0,25.5246829306,8.89295950598,10.9020439421,13.0803502945,0.948507693358,213.446090698,624.619750977,291.98697506,8.04380058654,24.5036677446,0.0
938053737.995,938053747.995,938053741.72,938053738.33,938053747.535,0.316845338217,0.558956870072,6.52701396726e-17,1.15145115235e-16,21.3278816958,1.10389678557,,0.076875223898,0.582593571499,1.5836296123e-17,1.20014275729e-16,22.8655340158,2.33351964213,,1.54774105722,0.417168550439,3.18834657787e-16,8.59367213904e-17,19.6057542416,0.259110682076,0.340999708154,13.0,13.7649134827,27.0,25.6300156695,8.89355064821,10.9470334196,13.0812197854,0.944542138285,212.045578003,627.817993164,295.343702756,8.04249161823,24.5045944672,32.0
938053747.995,938053757.995,938053752.071,938053749.315,938053753.825,0.0783240715478,0.605828675466,1.61347587388e-17,1.24800707146e-16,22.8452618613,2.35314454904,,-0.290598518096,0.652961748813,-5.98632947278e-17,1.34510120255e-16,,,,1.18026731523,0.435674519474,2.43135066937e-16,8.97489510115e-17,19.9000490487,0.341113359805,0.50015387647,7.0,7.33899242249,17.0,16.0423398716,6.21807647116,6.85196735607,9.14595623042,0.954112399457,210.793930054,632.01965332,299.386132664,8.04387279872,24.5042482523,32.0
938057957.995,938057967.995,938057966.415,938057965.095,938057967.635,0.143543728491,1.22192927978,2.95700080691e-17,2.51717431634e-16,22.1875394433,2.44574724265,,,,,,,,,2.05435469211,0.879534982452,4.23197066576e-16,1.81184206385e-16,19.2983114292,0.386920875913,0.606760510894,5.0,5.45562638741,13.0,11.880626564,2.65563994784,5.07442592776,,0.916605245328,94.1469268799,376.315704346,306.768721022,8.04491217899,24.5043941908,101.0
938057967.995,938057977.995,938057973.387,938057968.565,938057977.9,0.41623986711,0.561742936699,8.57454126247e-17,1.1571904496e-16,21.0316408144,0.927468860697,,,,,,,,,1.60571499898,0.425761292183,3.3077728979e-16,8.77068261897e-17,19.5658288397,0.255358235046,0.334508737996,13.0,14.2234377928,27.0,24.6685662097,8.85800892553,10.5363813348,,0.914066965682,94.8612594604,376.822235107,306.017744197,8.04318902326,24.502921991,97.0
938057977.995,938057987.995,938057982.461,938057978.21,938057986.825,1.18018433382,0.557331683561,2.43117972767e-16,1.14810326814e-16,19.9001253866,0.419947428706,0.693911321597,,,,,,,,1.96717252504,0.471021052044,4.05237540159e-16,9.7030336721e-17,19.3453938747,0.233064331934,0.297167214031,16.0,17.442320565,18.0,16.3373817595,8.86669590131,6.9779849695,,0.917520306712,94.5257949829,378.543548584,306.226826451,8.04291758759,24.503507328,97.0
938057987.995,938057997.995,938057992.101,938057988.085,938057995.88,-0.0772359548132,0.557667655578,-1.59106066915e-17,1.14879537049e-16,,,,,,,,,,,1.34082524927,0.388771690314,2.7621000135e-16,8.00869682047e-17,19.7615695509,0.276431821321,0.371776996941,11.0,11.8947438371,32.0,29.4530528931,8.87121110194,12.5799202969,,0.925050605689,93.4440917969,380.869598389,307.152237693,8.04415474403,24.5056045116,96.0
938057997.995,938058007.995,938058002.905,938057998.87,938058007.35,0.31901647838,0.542031395895,6.57173945463e-17,1.11658467554e-16,21.3204672086,1.07803545588,,,,,,,,,1.46289959338,0.40604978661,3.01357316236e-16,8.36462560417e-17,19.666963702,0.265957548972,0.353003117153,12.0,12.9798736581,26.0,23.7623847307,8.87270303233,10.1493351831,,0.924615248582,95.0012283325,381.20993042,305.577023733,8.0439941123,24.5037428113,32.0
938058007.995,938058017.995,938058014.388,938058008.94,938058017.585,0.443689761416,0.583294852467,9.14000908517e-17,1.20158739608e-16,20.9623014824,0.911211325157,,,,,,,,,1.73115135868,0.441724968497,3.56617179888e-16,9.09953435104e-17,19.4841623977,0.246749918765,0.319846216087,14.0,15.3591147467,29.0,26.7434760737,8.87219633899,11.4226120698,,0.911811265932,97.4158096313,381.718231201,303.13596839,8.04287355061,24.5035775477,32.0
938058017.995,938058027.995,938058023.473,938058019.38,938058027.84,-0.213550280396,0.571339645171,-4.39913577615e-17,1.17695966905e-16,,,,,,,,,,,1.34177740147,0.388823471314,2.76406144702e-16,8.00976350906e-17,19.7607988172,0.276291113232,0.37152141902,11.0,11.9084709013,35.0,32.3184003197,8.8751464202,13.8037609079,,0.923902378087,98.6717224121,381.380859375,301.902969962,8.04311194072,24.5040969303,32.0
938058027.995,938058037.995,938058032.54,938058028.26,938058037.46,1.30771560315,0.517457311928,2.6938941425e-16,1.06596206257e-16,19.788716736,0.361976774429,0.546860611346,,,,,,,,1.8411196146,0.455645707214,3.79270640607e-16,9.3863015686e-17,19.4172949879,0.240086543534,0.308709134267,15.0,16.327114698,12.0,11.0748064274,8.86803582369,4.73024588199,,0.918977378001,99.7298355103,379.983581543,300.936585829,8.0436584517,24.5038448519,32.0
938058037.995,938058047.995,938058042.902,938058039.85,938058047.045,-0.496319464464,0.550899293412,-1.0224180968e-16,1.13485254443e-16,,,,,,,,,,,1.09806299231,0.351813407547,2.26200976416e-16,7.24735619547e-17,19.9784318628,0.30175931465,0.419357881028,9.0,9.74158753096,36.0,33.1167277014,8.87161082669,14.1447406654,,0.924040647224,101.030532837,378.533752441,299.739123372,8.0425605008,24.5036806233,32.0
938058047.995,938058057.995,938058051.713,938058048.01,938058056.55,0.411962614056,0.652359624193,8.48642984955e-17,1.34386082584e-16,21.0428554869,1.03053832819,,,,,,,,,2.09325070512,0.485809216979,4.31209645255e-16,1.00076698698e-16,19.2779468846,0.22660046629,0.286715182191,17.0,18.5656856163,38.0,34.9127702442,8.86930818696,14.9118622307,,0.915895996621,100.163276672,376.613739014,300.747365506,8.04423666692,24.5039863833,32.0
938058057.995,938058067.995,938058063.739,938058059.475,938058067.54,0.261493923143,0.552202937385,5.38677481674e-17,1.13753805101e-16,21.5363459981,1.23250259904,,,,,,,,,1.48338380032,0.408902602826,3.05577062866e-16,8.42339361822e-17,19.6518661703,0.2643333423,0.350136779413,12.0,13.160346188,28.0,25.3803891372,8.87184165365,10.8404135085,,0.912198199997,99.1879272461,374.668579102,301.876769559,8.04441900821,24.5034934492,32.0
938058067.995,938058077.995,938058073.001,938058068.0,938058076.905,0.798774548148,0.546506148387,1.64547556918e-16,1.12580266568e-16,20.3239394544,0.565971730786,1.25140341479,,,,,,,,1.72463330965,0.440839176556,3.55274461789e-16,9.08128703705e-17,19.4882580754,0.247139750663,0.320503457978,14.0,15.3049943871,21.0,19.2368329351,8.87434697071,8.21639189547,,0.915010408255,98.530380249,374.232818604,302.568800887,8.04295200688,24.5026729323,97.0
938058077.995,938058087.995,938058083.624,938058081.07,938058086.835,0.291941765247,0.549384202105,6.01400036408e-17,1.13173145634e-16,21.4167594258,1.14917015961,,,,,,,,,1.48405811751,0.409114064201,3.05715972206e-16,8.42774972254e-17,19.6513727281,0.264348013858,0.350162618215,12.0,13.1587003829,27.0,24.7476042616,8.86670153124,10.570139886,,0.912088116841,95.2410583496,375.856658936,305.713776977,8.04382627082,24.5052107231,97.0
938058087.995,938058097.995,938058092.81,938058089.87,938058095.02,0.350326700466,0.489123106474,7.21673002961e-17,1.00759359934e-16,21.2188169032,0.948803737096,,,,,,,,,1.23607518219,0.373324058684,2.54631487532e-16,7.6904756089e-17,19.849887783,0.286547263388,0.390398383169,10.0,10.9627072334,20.0,18.3922886303,8.86896476148,7.85567207198,,0.912332305499,94.5190582275,376.301330566,306.398813182,8.04355553691,24.5035430666,97.0
938058097.995,938058107.995,938058102.616,938058098.415,938058106.56,-0.309109213637,0.531767729686,-6.36764980093e-17,1.09544152315e-16,,,,,,,,,,,1.0988781468,0.352071791057,2.26368898241e-16,7.25267889578e-17,19.9776261582,0.301757228745,0.419353828368,9.0,9.74174179096,32.0,29.2239059422,8.86517019137,12.4820475776,,0.92399399274,93.6132736206,378.283294678,307.155402674,8.04387987577,24.5041494016,97.0
938058107.995,938058117.995,938058112.055,938058108.025,938058116.65,1.26464060279,0.617574708589,2.60515964174e-16,1.27220389969e-16,19.8250821969,0.431755451845,0.727546529446,,,,,,,,2.32253881523,0.511899337492,4.78442995938e-16,1.05451263523e-16,19.1650925479,0.216260010785,0.270327489218,19.0,20.5852822792,24.0,21.9528119372,8.86326727639,9.37643460814,,0.923074733973,94.5739746094,379.659973145,306.102554185,8.04314008574,24.502982397,97.0
938058117.995,938058127.995,938058123.026,938058119.07,938058127.31,0.591833305615,0.54394090341,1.21917660957e-16,1.12051826103e-16,20.6495014961,0.707731502484,2.72983195122,,,,,,,,1.60670022275,0.42583235157,3.30980245886e-16,8.77214644234e-17,19.5651628653,0.255256651586,0.334333868322,13.0,14.2361449792,23.0,21.0532463139,8.86048609296,8.99221420548,,0.91347389198,95.4390487671,382.018859863,305.09128866,8.04287376703,24.5041764019,32.0
938058127.995,938058137.995,938058131.71,938058128.11,938058136.33,0.275514259584,0.549480829139,5.67559374743e-17,1.13193050803e-16,21.4796397969,1.19076820485,,,,,,,,,1.47414440383,0.408076321263,3.0367374719e-16,8.40637221802e-17,19.6586499297,0.265326307523,0.351887717686,12.0,13.0496019696,27.0,24.8424749469,8.8523227003,10.6106608352,,0.919909475465,95.6339492798,381.330322266,304.938107979,8.04593999102,24.503209845,32.0
938058137.995,938058147.995,938058143.784,938058140.435,938058147.295,0.279084886308,0.522395235529,5.74914865794e-17,1.07613418519e-16,21.4656592046,1.14539109348,,,,,,,,,1.34590968066,0.390168676875,2.77257394217e-16,8.03747474361e-17,19.7574602078,0.276383515518,0.371689245224,11.0,11.8994539319,24.0,22.0829273457,8.84119796657,9.43200920255,,0.924719625545,98.7074661255,381.924285889,301.834263146,8.04355347226,24.5042047785,32.0
938058147.995,938058157.995,938058152.236,938058148.205,938058157.18,0.91334942784,0.606133526572,1.88149982135e-16,1.24863506474e-16,20.1784075974,0.552647178674,1.18298317587,,,,,,,,2.07970736316,0.48516648809,4.28419716812e-16,9.99442965465e-17,19.2849944264,0.227659451354,0.288416432096,17.0,18.3748104818,26.0,24.1270883889,8.8352865443,10.3051065718,,0.925363280535,100.284912109,380.660308838,300.338405076,8.04298823118,24.5038242554,32.0
938058157.995,938058167.995,938058164.157,938058158.81,938058167.885,0.729995613133,0.578441057979,1.50379096305e-16,1.19158857944e-16,20.4216993743,0.633581142969,1.7068781403,,,,,,,,1.84251125523,0.456755165329,3.79557318577e-16,9.40915640578e-17,19.4164746263,0.240447868154,0.309308384122,15.0,16.2724656786,25.0,23.0039157539,8.83167776175,9.8253796559,,0.922113763404,100.839508057,378.49041748,299.932762598,8.04333448662,24.5044216333,32.0
938058167.995,938058177.995,938058173.651,938058168.05,938058177.555,0.584223972069,0.637446946352,1.20350138246e-16,1.31314070949e-16,20.6635515672,0.800937156523,,,,,,,,,2.08497714774,0.486077907587,4.29505292435e-16,1.00132048963e-16,19.2822467518,0.227525193088,0.288200507881,17.0,18.3988565425,34.0,31.006391956,8.82448834628,13.2433789094,,0.924253643657,99.8248443604,375.822570801,301.147259901,8.04482611942,24.5039081483,32.0
938058177.995,938058187.995,938058184.511,938058179.215,938058187.645,-0.602726226208,0.541688102834,-1.24161602599e-16,1.11587749184e-16,,,,,,,,,,,0.993838460176,0.335523943416,2.04730722796e-16,6.91179323437e-17,20.0867105017,0.315818981915,0.447205918325,8.0,8.77373602822,36.0,32.9995267286,8.82813090839,14.0946820551,,0.912301507251,99.9419250488,374.480072021,301.141353964,8.04207302813,24.5031024316,32.0
938058187.995,938058197.995,938058193.007,938058188.35,938058197.355,0.661966709997,0.515922569589,1.36365142259e-16,1.06280049335e-16,20.5279096262,0.625670799012,1.64088003162,,,,,,,,1.50533786835,0.413035054455,3.10099600881e-16,8.50852212177e-17,19.6359150327,0.263247622437,0.348227336136,12.0,13.2829381328,19.0,17.4233369549,8.82389157413,7.44181565808,,0.903648147799,97.3497314453,374.211212158,303.747010906,8.04329151721,24.5040578838,97.0
938058197.995,938058207.995,938058202.933,938058198.135,938058206.555,0.446873128527,0.510906053555,9.20558644766e-17,1.05246647032e-16,20.9545393991,0.827702881994,,,,,,,,,1.37417488036,0.394783294012,2.83080025355e-16,8.13253585665e-17,19.7348949863,0.274188897542,0.367714091634,11.0,12.1162012433,21.0,19.1424702435,8.81707373377,8.17608791939,,0.908040301919,95.0406494141,374.154205322,306.052627194,8.04350068795,24.5030927354,97.0
938058207.995,938058217.995,938058211.836,938058208.47,938058215.25,-0.286245919098,0.478491685187,-5.89666593343e-17,9.85692871485e-17,,,,,,,,,,,0.866040354193,0.313435176264,1.78404312964e-16,6.45676463105e-17,20.2361546776,0.335377016065,0.487807947525,7.0,7.63450331513,26.0,23.7823888219,8.81541290561,10.1578792845,,0.917080633452,94.029335022,375.591064453,306.942737268,8.04241200984,24.5026811303,97.0
938058217.995,938058227.995,938058221.692,938058218.11,938058226.26,0.27944363298,0.577971590988,5.75653883938e-17,1.19062147744e-16,21.4642644529,1.217242429,,,,,,,,,1.61063364945,0.427657957544,3.31790531787e-16,8.80975392541e-17,19.5625080796,0.255673870111,0.335052368583,13.0,14.1840554819,30.0,27.4470790341,8.80650636272,11.72313335,,0.916676527517,92.2559509277,378.486175537,308.49512862,8.04333466493,24.5046402014,97.0
938058227.995,938058237.995,938058233.886,938058230.41,938058236.105,-0.0605633319855,0.562214273348,-1.2476046389e-17,1.1581614031e-16,,,,,,,,,,,1.3609319916,0.393195161272,2.8035199027e-16,8.0998203222e-17,19.745408942,0.27556162006,0.370197883444,11.0,11.9799916967,32.0,29.2966496102,8.80278498165,12.513117686,,0.918515426835,92.419303894,381.16003418,308.157149729,8.0439877467,24.5052402797,97.0
938058237.995,938058247.995,938058242.599,938058239.51,938058244.685,0.140757542258,0.66067605269,2.89960537052e-17,1.36099266854e-16,22.2088208123,1.88848967097,,,,,,,,,1.41399842623,0.479247500424,2.91283675803e-16,9.87249850873e-17,19.7038776848,0.316895262531,0.449382555325,8.0,8.70518769122,20.0,18.3523725367,6.1564337907,7.83862320177,,0.919147533198,94.505645752,382.300842285,306.006634995,8.04281362787,24.504526591,96.0
938059037.995,938059047.995,,,,-1.7631705131,0.994011060443,-3.63213125699e-16,2.04766278451e-16,,,,,,,,,,,0.0,0.0,0.0,0.0,inf,,,0.0,0.0,8.0,7.366456395,1.78448080377,3.14634393439,,,,,,,,36.0
938059047.995,938059057.995,938059052.771,938059049.325,938059056.395,0.063958144016,0.429443923962,1.31753776673e-17,8.84654483362e-17,23.0652603685,2.21826278204,,,,,,,,,0.853573864036,0.309516054152,1.75836215991e-16,6.37603071552e-17,20.2518972281,0.335930456155,0.488990149588,7.0,7.60529137016,18.0,16.4718721244,8.90993936272,7.03542818523,,0.920564216764,89.0837860107,375.75982666,311.859709044,8.0459049817,24.5051541384,97.0
938059057.995,938059067.995,938059063.295,938059059.775,938059066.29,0.209407667135,0.598620147324,4.31379794298e-17,1.23315750349e-16,21.7775185534,1.46608432988,,,,,,,,,1.70137088924,0.436946885639,3.50482403184e-16,9.00110584416e-17,19.5030025058,0.248183120972,0.322265664652,14.0,15.1614486331,34.0,31.1280737393,8.91131306466,13.2953513531,,0.923533581935,89.8790283203,379.089019775,310.825169781,8.04325496182,24.5037372198,97.0
938059067.995,938059077.995,938059071.921,938059068.48,938059077.125,-0.681597795185,0.517297519627,-1.40409145808e-16,1.06563289043e-16,,,,,,,,,,,0.851888544304,0.309138762459,1.75489040127e-16,6.36825850665e-17,20.2540430546,0.336149140234,0.489457801456,7.0,7.59379079245,35.0,32.0042894418,8.91406609846,13.6695985913,,0.921917990443,91.8040847778,381.139678955,308.772462939,8.04179299977,24.5014991587,32.0
938059077.995,938059087.995,938059083.99,938059079.11,938059087.695,-0.471742959578,0.492799523749,-9.71790496731e-17,1.01516701892e-16,,,,,,,,,,,0.847074733623,0.30818585518,1.74497395126e-16,6.34862861672e-17,20.2601956803,0.336895574872,0.491056267852,7.0,7.55471441616,30.0,27.5380710836,8.91859255895,11.7619976652,,0.926880551315,93.2265090942,385.337615967,307.12368881,8.04278171152,24.5042241322,32.0
938059087.995,938059097.995,938059092.386,938059088.745,938059096.44,-0.430894842517,0.589549404524,-8.87643375584e-17,1.21447177332e-16,,,,,,,,,,,1.33392244829,0.386805770869,2.74788024348e-16,7.96819887991e-17,19.7671735468,0.276454249338,0.371817743134,11.0,11.8925578553,40.0,36.8380700597,8.91547920988,15.7341918654,,0.925041771288,95.44115448,385.410186768,304.908105885,8.04451708016,24.5034169685,32.0
938059097.995,938059107.995,938059102.202,938059098.12,938059107.815,-0.254477132194,0.498309623727,-5.2422289232e-17,1.02651782488e-16,,,,,,,,,,,0.980172195484,0.331498140342,2.0191547227e-16,6.82886169104e-17,20.1017440532,0.316305795261,0.448189627063,8.0,8.74263937664,28.0,25.7831655955,8.9194933471,11.0124464642,,0.915099018971,98.8738098145,386.268371582,301.439114971,8.04292005211,24.50540282,32.0
938059107.995,938059117.995,938059113.72,938059109.525,938059117.365,0.734347196332,0.519845382101,1.51275522444e-16,1.07088148713e-16,20.4152463972,0.581156963588,1.33617617842,,,,,,,,1.57204039534,0.419876458115,3.2384032144e-16,8.64945503717e-17,19.5888407462,0.257018761565,0.337373559652,13.0,14.0179450422,19.0,17.4887217785,8.91703869938,7.46974267377,,0.927538618747,102.23336792,383.168792725,298.241943259,8.04257383564,24.5043175901,32.0
938059117.995,938059127.995,938059123.61,938059118.005,938059127.62,0.0501240662626,0.565189164035,1.03255576501e-17,1.16428967791e-16,23.3298842614,2.72262489458,,,,,,,,,1.44920153889,0.403150270275,2.98535517012e-16,8.30489556766e-17,19.6771780337,0.266486718292,0.353939540068,12.0,12.9218192691,32.0,29.2071423646,8.91650948634,12.4748875568,,0.928768892697,103.687095642,379.358062744,297.031020034,8.04213890554,24.5031293495,32.0
938059127.995,938059137.995,938059132.631,938059128.16,938059137.76,1.34109601795,0.666720740479,2.76265779697e-16,1.37344472539e-16,19.7613503175,0.438160504516,0.746395580669,,,,,,,,2.65118858848,0.54543931964,5.46144849226e-16,1.12360499846e-16,19.0213984456,0.203128662488,0.250084907942,22.0,23.6258998773,30.0,27.3339344744,8.91143692303,11.6748073056,,0.931357837826,101.6326828,376.733215332,299.273118141,8.04423474663,24.5048420579,32.0
938059137.995,938059147.995,938059142.899,938059139.385,938059146.22,0.0262098519772,0.544494152265,5.3992295073e-18,1.12165795367e-16,24.0338385794,3.3448658787,,,,,,,,,1.33614290475,0.386917632235,2.75245438379e-16,7.97050322404e-17,19.7653677255,0.276119065387,0.371209043233,11.0,11.9252852697,30.0,27.3726847269,8.92515705263,11.6913582244,,0.922571210639,99.6994171143,373.831817627,301.438573925,8.04398943854,24.504301324,32.0
938059147.995,938059157.995,938059153.436,938059148.37,938059157.13,0.196978891993,0.44559829841,4.05776517506e-17,9.17932494725e-17,21.8439507745,1.28376403776,,,,,,,,,0.984011040789,0.332145928595,2.02706274402e-16,6.84220612906e-17,20.0975000717,0.315769291221,0.447105582733,8.0,8.77691871116,18.0,16.4356545819,8.91953275658,7.01995903167,,0.911515082056,97.077041626,372.435852051,304.174458103,8.04281873886,24.5031406625,97.0
938059157.995,938059167.995,938059160.567,938059158.46,938059164.825,-0.149416491613,0.487442096778,-3.07797972723e-17,1.00413071936e-16,,,,,,,,,,,0.985804841551,0.332311593266,2.0307579736e-16,6.84561882129e-17,20.0955226331,0.315407070666,0.446374604584,8.0,8.80016688663,26.0,23.7264592871,8.92688543991,10.1339907901,,0.909095610231,94.7414398193,372.250366211,306.5172601,8.04286262438,24.5023710229,97.0
938059167.995,938059177.995,938059173.812,938059170.32,938059177.095,-1.16705199349,0.461346137255,-2.4041271066e-16,9.50373042745e-17,,,,,,,,,,,0.365917706253,0.202520501475,7.53790474881e-17,4.17192233039e-17,21.1715414377,0.478249591379,0.875347005211,3.0,3.26459162092,35.0,32.0207452364,8.92165523868,13.6766271525,,0.919236877664,89.4022216797,376.063751221,311.518737644,8.04477273646,24.5049942736,97.0
938059177.995,938059187.995,938059183.001,938059178.84,938059187.01,0.679589383827,0.577289047095,1.39995413068e-16,1.18921543702e-16,20.4993835352,0.667616718759,2.05592380675,,,,,,,,1.82620519211,0.452463680807,3.76198269575e-16,9.32075182463e-17,19.426126067,0.240329116565,0.309111378428,15.0,16.2903981157,26.0,23.9470751814,8.92035472578,10.2282197441,,0.920977149246,89.479095459,379.177154541,311.218288425,8.04342037913,24.5043062204,97.0
938059187.995,938059197.995,938059192.669,938059188.685,938059197.045,0.905521837978,0.554750665834,1.86537498624e-16,1.14278637162e-16,20.1877526789,0.518837448305,1.02968758603,,,,,,,,1.82476738191,0.452385327126,3.75902080673e-16,9.31913773879e-17,19.4269812269,0.240461616875,0.309331196581,15.0,16.2703912982,21.0,19.1899767941,8.91641940752,8.19637880816,,0.922046186056,90.4250030518,381.582336426,310.122377566,8.04382621885,24.5030067472,32.0
938059197.995,938059207.995,938059202.062,938059199.955,938059207.825,-0.0360392552525,0.416580861913,-7.42408658201e-18,8.58156575541e-17,,,,,,,,,,,0.756029097072,0.291118243252,1.55741993997e-16,5.997035811e-17,20.383653724,0.353673209,0.527922062594,6.0,6.74432013771,18.0,16.5430185055,8.92071504104,7.06581606411,,0.890056866885,92.3781051636,384.171875,308.028829371,8.04399280517,24.5034413478,32.0
938059207.995,938059217.995,938059213.137,938059208.87,938059216.375,-0.124485075942,0.60834119288,-2.5643925644e-17,1.25318285733e-16,,,,,,,,,,,1.58945681687,0.421979248411,3.27428104274e-16,8.69277251726e-17,19.5768781668,0.255643748809,0.335000470916,13.0,14.1878071959,39.0,35.8191327567,8.92619858894,15.2989857051,,0.916461196006,96.6133270264,386.435546875,303.689755716,8.04233389992,24.5039387477,32.0
938059217.995,938059227.995,938059223.549,938059219.68,938059227.145,0.51717041515,0.542617660096,1.06537105521e-16,1.1177923798e-16,20.7959158175,0.778963388778,,,,,,,,,1.57215172257,0.419759099832,3.23863254849e-16,8.64703745653e-17,19.5887638603,0.256938588318,0.337234966221,13.0,14.027771147,24.0,22.0389758322,8.9226573655,9.41323673308,,0.926883608637,100.234359741,386.278015137,300.079542702,8.04177774747,24.5046760978,32.0
938059227.995,938059237.995,938059232.296,938059228.145,938059237.85,0.263670021727,0.568407649105,5.43160244758e-17,1.17091975716e-16,21.5273481126,1.24775778176,,,,,,,,,1.57278144023,0.419909002837,3.23992976688e-16,8.65012545844e-17,19.588329061,0.256928655879,0.337217798212,13.0,14.0289891444,30.0,27.3392780727,8.91985929229,11.677089651,,0.926785381117,101.563247681,383.640472412,298.884809379,8.04369390657,24.5045099885,32.0
938059237.995,938059247.995,938059244.627,938059240.18,938059247.405,-0.70729549548,0.431717533775,-1.45702872069e-16,8.89338119577e-17,,,,,,,,,,,0.477522716117,0.231385775317,9.83696795201e-17,4.76654697154e-17,20.8825149097,0.428990355782,0.719543094042,4.0,4.25906981185,27.0,24.7414342263,8.91909362236,10.5675045547,,0.939280509588,101.725578308,379.331542969,298.989658269,8.04564696676,24.5053089767,32.0
938059247.995,938059257.995,938059253.792,938059248.825,938059257.655,0.00146113338841,0.546226520392,3.00993478013e-19,1.12522663201e-16,27.1682753376,6.43460771508,,,,,,,,,1.33116430591,0.386346508107,2.74219847017e-16,7.95873806701e-17,19.7694208404,0.276669540884,0.372208995594,11.0,11.8716024572,31.0,27.7641776048,8.91820972398,11.8585717632,,0.926839086304,102.038162231,376.452331543,298.890865461,8.04351248507,24.504843459,32.0
938059257.995,938059267.995,938059262.772,938059258.03,938059267.505,0.029676824631,0.573647925872,6.11342587399e-18,1.1817147273e-16,23.8989564242,3.27033427909,,,,,,,,,1.48299672082,0.40767500161,3.05497324489e-16,8.39810503317e-17,19.6521495232,0.263689845153,0.34900443252,12.0,13.2328143095,33.0,30.3616713184,8.92302331069,12.9680073116,,0.90712232981,100.37020874,372.945068359,300.848767883,8.04374813384,24.5028362636,32.0
938059267.995,938059277.995,938059273.199,938059268.19,938059276.985,0.128157889226,0.564945192463,2.64005251805e-17,1.16378709647e-16,22.3106366352,1.83263120975,,,,,,,,,1.48769718206,0.408368108149,3.06465619503e-16,8.41238302787e-17,19.648713649,0.26334686905,0.348401661424,12.0,13.2716660291,31.0,28.395864542,8.920945868,12.1283764368,,0.904465340842,96.7505569458,372.108734131,304.529386799,8.04344958627,24.5033389846,97.0
938059277.995,938059287.995,938059282.671,938059278.1,938059286.63,-0.700598518236,0.465006955926,-1.44323294757e-16,9.57914329208e-17,,,,,,,,,,,0.613993881838,0.262374687672,1.26482739659e-16,5.40491856604e-17,20.6095898909,0.386306874519,0.605228673333,5.0,5.47626200218,30.0,27.4513507825,8.91908236251,11.7249578894,,0.913293449892,92.8565063477,373.353424072,308.297203525,8.04361869199,24.5044219996,97.0
938059287.995,938059297.995,938059294.101,938059290.535,938059297.085,-0.00245000013418,0.495762378637,-5.04700027641e-19,1.02127049999e-16,,,,,,,,,,,1.09469377974,0.350360961607,2.25506918626e-16,7.21743580911e-17,19.9817683741,0.30147912234,0.418813706496,9.0,9.76233892854,25.0,22.9074740947,8.91787192842,9.78418771597,,0.922254652529,89.03881073,376.04901123,311.882207083,8.04449532942,24.5046862745,97.0
938059297.995,938059307.995,938059303.005,938059298.63,938059307.53,0.261699123215,0.494213592761,5.39100193823e-17,1.01808000109e-16,21.535494331,1.15167345878,,,,,,,,,1.22049473025,0.369849549178,2.51421914431e-16,7.61890071306e-17,19.8636602285,0.287388106087,0.391968656346,10.0,10.8898432842,22.0,20.0292268136,8.92248283779,8.55483734869,,0.918483063069,89.8753128052,378.495422363,310.869375248,8.04236146554,24.5025619719,97.0
938059307.995,938059317.995,938059312.639,938059308.275,938059317.085,1.15152220745,0.562346819191,2.37213574735e-16,1.15843444753e-16,19.9268192053,0.431763280801,0.727569302999,,,,,,,,1.98549686493,0.471905446292,4.09012354175e-16,9.72125219361e-17,19.3353269859,0.231517641856,0.2946513721,16.0,17.7022484652,19.0,17.4086265101,8.91577759596,7.4355325667,,0.904405372144,89.486328125,382.984985352,310.979502773,8.04328395309,24.5050102874,32.0
938059317.995,938059327.995,938059322.614,938059318.59,938059327.54,0.197642906569,0.580593295946,4.07144387533e-17,1.19602218965e-16,21.8402969198,1.48807549417,,,,,,,,,1.60226402379,0.423819210377,3.30066388901e-16,8.73067573376e-17,19.5681647964,0.254808003379,0.33356208027,13.0,14.2924567552,32.0,29.3348874679,8.92016330829,12.5294497519,,0.90973373833,91.6396942139,385.384155273,308.706496695,8.04399051305,24.504546715,32.0
938059327.995,938059337.995,938059333.045,938059328.015,938059336.8,0.742759426003,0.679271221006,1.53008441757e-16,1.39929871527e-16,20.4028795702,0.705151960735,2.67038780875,,,,,,,,2.42854344846,0.521875280394,5.00279950382e-16,1.07506307761e-16,19.1166353057,0.211344446231,0.262676904187,20.0,21.6550057374,38.0,35.1938506356,8.9168698016,15.0319166418,,0.923710872392,95.6071853638,386.648376465,304.685495968,8.04348786556,24.5043398176,32.0
938059337.995,938059347.995,938059343.492,938059338.005,938059346.85,0.109694011943,0.51051978514,2.25969664603e-17,1.05167075739e-16,22.4795426984,1.88089625638,,,,,,,,,1.21734099328,0.369409743163,2.50772244615e-16,7.60984070916e-17,19.8664693828,0.287741154158,0.392629014013,10.0,10.8594493057,25.0,23.1339264996,8.92063059215,9.88090954698,,0.92103643432,99.805557251,385.663635254,300.536578159,8.04294413689,24.5037281602,32.0
938059347.995,938059357.995,938059353.096,938059348.525,938059357.575,-0.124199172677,0.558421673116,-2.55850295714e-17,1.15034864662e-16,,,,,,,,,,,1.32780917979,0.3859419209,2.73528691036e-16,7.95040357054e-17,19.772160833,0.277030199805,0.372864916397,11.0,11.8366123719,33.0,30.304931105,8.91439263417,12.9437725619,,0.929387661001,102.819778442,381.876251221,297.732353557,8.04340749785,24.5012923603,32.0
938059357.995,938059367.995,938059363.5,938059359.955,938059367.21,0.2603666088,0.542691752433,5.36355214127e-17,1.11794501001e-16,21.5410367836,1.22290455414,,,,,,,,,1.44299018436,0.402318024435,2.97255977977e-16,8.28775130337e-17,19.6818415577,0.267013841969,0.354873601102,12.0,12.864347818,27.0,24.6844444277,8.91506259536,10.5431632028,,0.932870547749,102.644081116,379.481689453,298.062985899,8.04456276865,24.5042023138,32.0
938059367.995,938059377.995,938059372.65,938059369.27,938059376.415,-0.0174617626553,0.521335109285,-3.597123107e-18,1.07395032513e-16,,,,,,,,,,,1.2024286384,0.367308482362,2.47700299511e-16,7.56655473666e-17,19.8798517216,0.289419042835,0.395775864067,10.0,10.7165922603,28.0,25.4548555942,8.91245593963,10.8722194506,,0.933515557876,102.85105896,376.104553223,298.108177576,8.04325245544,24.5033238924,32.0
938059377.995,938059387.995,938059384.449,938059380.395,938059387.87,-0.457613902486,0.549986231476,-9.42684639121e-17,1.13297163684e-16,,,,,,,,,,,1.11901701447,0.354355010003,2.30517504982e-16,7.29971320607e-17,19.9579082751,0.298689323781,0.413417947564,9.0,9.97232043955,36.0,32.8959173351,8.91167900985,14.0504286489,,0.902781827147,99.8211669922,373.198394775,301.372954707,8.04329494223,24.5037989769,32.0
938059387.995,938059397.995,938059392.875,938059388.375,938059397.475,1.29102056905,0.52232353989,2.65950237224e-16,1.07598649217e-16,19.8026670958,0.368867660157,0.562944897626,,,,,,,,1.86141576719,0.45697915139,3.83451648042e-16,9.41377051863e-17,19.4053915292,0.238360069872,0.305853111601,15.0,16.5918190593,13.0,11.903615854,8.91354814527,5.08424506051,,0.904237213004,96.3941802979,372.236755371,304.872582417,8.04386629341,24.5039291266,97.0
938059397.995,938059407.995,938059402.552,938059398.89,938059406.97,0.558736405166,0.518933529384,1.15099699464e-16,1.06900307053e-16,20.7119825768,0.713196993878,2.86823129507,,,,,,,,1.48018390728,0.407395656105,3.049178849e-16,8.39235051577e-17,19.6542108045,0.263973971089,0.349504173958,12.0,13.2007488484,21.0,19.2400375411,8.91831669257,8.21776063946,,0.909130858788,93.7146530151,372.598846436,307.508596619,8.04256910094,24.5026797398,97.0
938059407.995,938059417.995,938059412.777,938059409.745,938059414.49,-0.470575595849,0.367460648502,-9.69385727449e-17,7.56968935914e-17,,,,,,,,,,,0.366439582459,0.202766937726,7.54865539866e-17,4.17699891717e-17,21.169994051,0.478168716539,0.875065698793,3.0,3.26595709129,19.0,17.4660161046,8.91267550675,7.46004467848,,0.918586398362,90.0513381958,376.165649414,310.863714869,8.04283633755,24.504968714,97.0
938059417.995,938059427.995,938059423.093,938059418.485,938059426.57,-0.115543103593,0.451811650587,-2.38018793402e-17,9.30732000209e-17,,,,,,,,,,,0.851938724797,0.30916837062,1.75499377308e-16,6.36886843477e-17,20.2539791012,0.33615979873,0.489480602008,7.0,7.59323087077,22.0,20.1889387137,8.91288381401,8.62305312861,,0.921905332101,88.3206710815,379.098052979,312.379409476,8.04439616555,24.5048344779,97.0
938059427.995,938059437.995,938059433.193,938059428.39,938059437.715,0.648709140939,0.481204042778,1.33634083033e-16,9.91280328122e-17,20.549874956,0.602487645939,1.47005496976,,,,,,,,1.35499422286,0.390148164128,2.79128809909e-16,8.03705218104e-17,19.7501563911,0.274733558678,0.368698541025,11.0,12.0619007837,16.0,14.7201003018,8.90180974962,6.28721542826,,0.912451504013,89.2341003418,382.211334229,311.274607092,8.04464608375,24.5039628475,32.0
938059437.995,938059447.995,938059443.278,938059439.145,938059446.655,0.132239669643,0.511872777086,2.72413719465e-17,1.0544579208e-16,22.2765956109,1.71899983963,,,,,,,,,1.23372090429,0.372055950608,2.54146506283e-16,7.66435258252e-17,19.8519576912,0.286170675829,0.389696235473,10.0,10.9955596046,25.0,22.9842292134,8.91251786882,9.81697118594,,0.910081106099,91.9016036987,385.063903809,308.460222351,8.04445454535,24.5039439137,32.0
938059447.995,938059457.995,938059454.104,938059449.655,938059457.39,-0.0258041361576,0.551082191762,-5.31565204847e-18,1.13522931503e-16,,,,,,,,,,,1.33957479682,0.387810836879,2.75952408144e-16,7.9889032397e-17,19.76258258,0.276055838374,0.371094281178,11.0,11.9314727731,31.0,28.4729661616,8.90691046255,12.1613079034,,0.922072132764,96.4239807129,386.805053711,303.862643465,8.04302647736,24.5043039081,32.0
938059457.995,938059467.995,938059462.951,938059458.54,938059466.72,0.605728375783,0.534906330292,1.24780045411e-16,1.1019070404e-16,20.6243052026,0.687171656859,2.33027363258,,,,,,,,1.57759538147,0.420776276401,3.24984648583e-16,8.66799129385e-17,19.5850109346,0.256701588686,0.336825434275,13.0,14.0568742648,22.0,20.2746049214,8.91031656776,8.65964268247,,0.924898671772,98.8308181763,385.383087158,301.523681029,8.0448683361,24.5037547595,32.0
938059467.995,938059477.995,938059472.745,938059468.68,938059475.76,0.35643925692,0.606335083699,7.34264869254e-17,1.24905027242e-16,21.200036176,1.07884744387,,,,,,,,,1.81509942125,0.451481038866,3.73910480778e-16,9.30050940065e-17,19.4327489542,0.241176805365,0.31051892791,15.0,16.1629937587,33.0,30.4108064632,8.90474294105,12.9889938017,,0.928200320838,101.866966248,383.345428467,298.597857607,8.04403234914,24.5038378633,32.0
938059477.995,938059487.995,938059483.609,938059478.29,938059487.76,0.472844299684,0.548002456221,9.74059257349e-17,1.12888505982e-16,20.8932046054,0.835605987943,,,,,,,,,1.57338243921,0.420363890251,3.24116782478e-16,8.65949613916e-17,19.5879142534,0.257089005573,0.337495011618,13.0,14.0093437615,25.0,22.9425147226,8.90396601126,9.79915418845,,0.928063529408,103.529014587,380.461853027,297.114093201,8.04258505539,24.5050218051,32.0
938059487.995,938059497.995,938059493.5,938059488.435,938059497.58,0.252468206097,0.617060500449,5.20084504559e-17,1.27114463092e-16,21.5744832645,1.34269307536,,,,,,,,,1.82070362082,0.45228844944,3.75064945888e-16,9.31714205847e-17,19.4294018603,0.240896661811,0.310053438507,15.0,16.2049433842,36.0,32.6792399381,8.90037411849,13.9578818969,,0.926180450597,102.48739624,376.027832031,298.476823611,8.04373905043,24.5040986442,32.0
938059497.995,938059507.995,938059502.621,938059498.96,938059507.765,0.0105857425456,0.467321256181,2.1806629644e-18,9.62681787733e-17,25.0181966816,4.1365551581,,,,,,,,,0.97776977583,0.331344063383,2.01420573821e-16,6.82568770569e-17,20.1044084787,0.316852013721,0.449294964397,8.0,8.70792799698,22.0,20.1669288922,8.90590833573,8.6136523442,,0.919213500245,100.360900879,372.993927002,300.853648309,8.04394818419,24.5033249495,32.0
938059507.995,938059517.995,938059512.797,938059509.46,938059516.53,0.558085559003,0.546725961978,1.14965625155e-16,1.12625548167e-16,20.7132480378,0.741468523855,4.22834464889,,,,,,,,1.6092710621,0.425212684875,3.31509838792e-16,8.75938130842e-17,19.5634269953,0.254562557126,0.333140217717,13.0,14.3233953731,24.0,21.905267896,8.9005486462,9.35612770647,,0.907871406327,96.9194335938,371.33392334,304.433200693,8.04385748047,24.5026907786,97.0
938059517.995,938059527.995,938059523.873,938059518.63,938059527.71,-0.0325661249289,0.502361914733,-6.70862173536e-18,1.03486554435e-16,,,,,,,,,,,1.10711704183,0.352639735635,2.28066110616e-16,7.26437855409e-17,19.9695161602,0.300217410994,0.416368386684,9.0,9.85654201039,26.0,23.755687462,8.9028906954,10.146474661,,0.91320497869,92.6381225586,372.133422852,308.622536161,8.04408112771,24.5027358464,97.0
938059527.995,938059537.995,938059532.738,938059528.205,938059536.025,0.173655486383,0.506120464061,3.57730301948e-17,1.04260815597e-16,21.9807787281,1.48169321756,,,,,,,,,1.22671713095,0.371261367154,2.52703728975e-16,7.64798416338e-17,19.8581389245,0.287066252759,0.39136718348,10.0,10.9176543652,24.0,21.9427539656,8.89989557478,9.37213867044,,0.916163718699,89.3054885864,375.341369629,311.671505714,8.04425201764,24.5045128452,97.0
938059537.995,938059547.995,938059544.121,938059538.215,938059547.96,0.47341708383,0.57539542467,9.75239192689e-17,1.18531457482e-16,20.8918901852,0.863634830849,,,,,,,,,1.70953545799,0.438343536098,3.52164304346e-16,9.02987684361e-17,19.4978047174,0.247829244093,0.32166747171,14.0,15.2099229012,28.0,25.7490606,8.89710876143,10.9978796169,,0.920541346916,88.8145599365,379.78125,311.841587924,8.04274357838,24.5043070177,97.0
938059547.995,938059557.995,938059552.349,938059548.78,938059556.975,0.86271050043,0.561518975771,1.77718363089e-16,1.15672909009e-16,20.2403372899,0.544287214329,1.14255584283,,,,,,,,1.83356182546,0.454036972314,3.77713736045e-16,9.35316162967e-17,19.4217611039,0.240210753034,0.308915073511,15.0,16.3082995101,22.0,20.2170728454,8.894327578,8.63506971433,,0.919853599595,88.6872329712,381.772369385,311.845932205,8.04480034656,24.5034347925,32.0
938059557.995,938059567.995,938059563.473,938059561.475,938059567.33,0.506286852046,0.524425060723,1.04295091521e-16,1.08031562509e-16,20.8190083771,0.771851615976,,,,,,,,,1.4764110095,0.407390918271,3.04140667957e-16,8.39225291639e-17,19.6569818124,0.264569904879,0.350553518996,12.0,13.1338443003,22.0,20.2052549847,8.89579135875,8.63002209681,,0.914023618852,91.9599380493,385.822753906,308.366136392,8.04354769558,24.5043193632,32.0
938059567.995,938059577.995,938059571.168,938059568.565,938059576.225,-0.236305336317,0.520089297484,-4.86788992813e-17,1.07138395282e-16,,,,,,,,,,,1.08512600211,0.349236715419,2.23535956435e-16,7.19427633763e-17,19.9912995743,0.302947045159,0.421669224807,9.0,9.65429467609,30.0,27.5256390238,8.89693423372,11.7566877124,,0.932493150166,94.6453552246,386.997894287,305.631336481,8.04373891965,24.5045579936,32.0
938059577.995,938059587.995,938059584.99,938059578.905,938059587.395,0.204225871038,0.502009499843,4.20705294339e-17,1.03413956968e-16,21.8047231074,1.34709676953,,,,,,,,,1.22297759642,0.370791355073,2.51933384863e-16,7.6383019145e-17,19.8614537467,0.287517151699,0.392209957843,10.0,10.8787200891,23.0,21.2168099493,8.89527340556,9.0620751297,,0.919379075107,99.2267532349,384.871276855,301.153489493,8.04558614438,24.5032997159,32.0
938059587.995,938059597.995,938059592.129,938059588.96,938059597.195,-0.0706108457687,0.625372891596,-1.45458342283e-17,1.28826815669e-16,,,,,,,,,,,1.70240236952,0.437690164069,3.50694888121e-16,9.01641737982e-17,19.5023444623,0.248425841846,0.3226762631,14.0,15.1283253538,40.0,36.8886737429,8.88645694148,15.7558055943,,0.925638226046,102.101524353,384.093414307,298.322847367,8.04324193466,24.5042743224,32.0
938059597.995,938059607.995,938059602.698,938059598.105,938059607.265,0.270195267387,0.546232669389,5.56602250817e-17,1.12523929894e-16,21.5008056554,1.20060029816,,,,,,,,,1.46080748815,0.405447777562,3.00926342558e-16,8.35222421777e-17,19.668517534,0.265945149273,0.352981189683,12.0,12.9812383585,27.0,24.7711347464,8.88634434296,10.5801901726,,0.924801659296,103.422424316,380.5234375,297.216410861,8.04328452883,24.5047025169,32.0
938059607.995,938059617.995,938059612.145,938059608.015,938059616.94,-0.0110629640254,0.549877779039,-2.27897058923e-18,1.13274822482e-16,,,,,,,,,,,1.33716563063,0.388020568126,2.75456119909e-16,7.9932237034e-17,19.7645369867,0.276626924667,0.372131531171,11.0,11.8757464363,31.0,28.0344262672,8.88128303951,11.9739997511,,0.926608232575,103.834106445,376.116027832,297.127381154,8.04212358461,24.5030388631,32.0
938059617.995,938059627.995,938059622.257,938059618.53,938059626.63,-0.166387574386,0.572298832876,-3.42758403235e-17,1.17893559573e-16,,,,,,,,,,,1.37162616806,0.39293536563,2.82554990621e-16,8.09446853199e-17,19.7369105949,0.273502614012,0.366475637838,11.0,12.1851053048,35.0,31.9894054528,8.88369264783,13.6632413761,,0.903038860214,100.012992859,373.076782227,301.192735817,8.04423549536,24.5040451674,97.0
938059627.995,938059637.995,938059632.928,938059628.795,938059636.86,-0.0638230938605,0.508541744547,-1.31475573353e-17,1.04759599377e-16,,,,,,,,,,,1.11598386847,0.354559730419,2.29892676904e-16,7.30393044663e-17,19.9608552077,0.299549970332,0.415078191447,9.0,9.90688260811,27.0,24.5212430732,8.87726327237,10.4734570152,,0.908608312553,96.8913040161,372.263580322,304.375082025,8.04230043164,24.5040659798,97.0
938059637.995,938059647.995,938059643.794,938059640.56,938059647.79,0.0511121208736,0.523615700462,1.05290969e-17,1.07864834295e-16,23.3086902446,2.62734579682,,,,,,,,,1.24313054108,0.374117705438,2.56084891463e-16,7.70682473202e-17,19.8437081593,0.285649881636,0.388726362732,10.0,11.0412170776,27.0,24.7876643408,8.88178410292,10.587250255,,0.905745417867,92.3522338867,371.999755859,308.919344921,8.04388814926,24.502478573,97.0
938059647.995,938059657.995,938059653.446,938059648.475,938059657.59,1.04195664395,0.613688077397,2.14643068654e-16,1.26419743944e-16,20.0353758794,0.502793751394,0.965333621027,,,,,,,,2.19237793307,0.496992975918,4.51629854212e-16,1.02380553039e-16,19.2277114447,0.221838201669,0.279117741748,18.0,19.4594402028,26.0,23.9069546768,8.87595149961,10.2110835663,,0.925199489156,88.7613983154,376.261383057,312.14257818,8.04370012264,24.5054659195,97.0
938059657.995,938059667.995,938059662.902,938059658.895,938059667.435,0.349234854844,0.590293841455,7.19423800979e-17,1.2160053134e-16,21.2222060468,1.07448117034,,,,,,,,,1.72112777999,0.440335191761,3.54552322679e-16,9.07090495028e-17,19.4904672139,0.24733671392,0.320835771762,14.0,15.2777513396,31.0,28.5114278303,8.87659331118,12.177735563,,0.916510119769,88.4359054565,378.958526611,312.273803914,8.04318957543,24.5036138832,97.0
938059667.995,938059669.995,938059668.52,938059668.125,938059668.915,-0.102246442867,1.19517133998,-2.10627672306e-17,2.46205296035e-16,,,,,,,,,,,1.21632292034,0.827894239778,2.50562521591e-16,1.70546213394e-16,19.8673777734,0.563695347477,1.23934400263,2.0,2.15848015168,6.0,5.47841057942,1.77459465375,2.33992614256,,0.9265839275,87.4339904785,383.096496582,313.022744758,8.04337015063,24.5074047583,32.0
